Id,true_answer,pred_answer,true_perm_idx,pred_perm_idx,gt_rank,top1_margin,correct
R03j1I,"[2, 4, 3, 1]","[1, 4, 2, 3]",19,3,3,0.4478088617324829,0
gG5XeX,"[3, 4, 1, 2]","[4, 2, 1, 3]",16,15,3,0.19783246517181396,0
G4eptB,"[2, 4, 3, 1]","[1, 4, 3, 2]",19,5,2,1.5491507053375244,0
InbfpO,"[4, 1, 2, 3]","[4, 2, 3, 1]",9,21,2,1.5566887855529785,0
A3zcqS,"[1, 2, 3, 4]","[3, 1, 2, 4]",0,8,5,1.074478030204773,0
KNt042,"[1, 4, 3, 2]","[1, 3, 4, 2]",5,4,2,3.8650596141815186,0
lP923E,"[1, 2, 3, 4]","[1, 3, 2, 4]",0,2,3,3.76674485206604,0
lb7Ahz,"[1, 2, 3, 4]","[1, 4, 2, 3]",0,3,3,0.14555370807647705,0
0lCD1I,"[1, 4, 3, 2]","[1, 3, 4, 2]",5,4,2,1.5279515981674194,0
HREFAh,"[1, 2, 3, 4]","[4, 1, 2, 3]",0,9,5,0.42765259742736816,0
AEq49f,"[4, 1, 2, 3]","[3, 2, 1, 4]",9,14,4,2.4378674030303955,0
HiPvOH,"[1, 3, 2, 4]","[2, 3, 1, 4]",2,12,2,0.15362632274627686,0
GsXybM,"[4, 1, 3, 2]","[3, 1, 4, 2]",11,10,2,7.325972557067871,0
5rihCT,"[3, 1, 2, 4]","[3, 2, 1, 4]",8,14,2,2.909679412841797,0
W5FlgK,"[1, 2, 3, 4]","[3, 2, 1, 4]",0,14,2,2.384185791015625e-07,0
LvtFxl,"[2, 1, 3, 4]","[2, 1, 4, 3]",6,7,2,0.2423529028892517,0
EIjAaJ,"[4, 3, 1, 2]","[4, 2, 1, 3]",17,15,2,3.338468074798584,0
cROadH,"[3, 1, 4, 2]","[3, 2, 4, 1]",10,20,3,2.8252313137054443,0
04eUIC,"[2, 4, 3, 1]","[1, 4, 3, 2]",19,5,2,0.03523838520050049,0
PLqot7,"[2, 1, 4, 3]","[1, 2, 4, 3]",7,1,4,0.34231865406036377,0
ZSH7Qr,"[1, 2, 4, 3]","[2, 1, 4, 3]",1,7,2,0.16456103324890137,0
4KEKNs,"[3, 1, 2, 4]","[1, 3, 2, 4]",8,2,2,0.4428172707557678,0
GqTeco,"[4, 2, 1, 3]","[1, 4, 2, 3]",15,3,3,0.296139121055603,0
9UKotH,"[1, 2, 3, 4]","[2, 1, 3, 4]",0,6,2,0.6046649813652039,0
V6GBIH,"[1, 2, 3, 4]","[4, 2, 3, 1]",0,21,6,0.9334503412246704,0
6Nn9Ue,"[1, 4, 3, 2]","[2, 4, 3, 1]",5,19,7,0.3434407114982605,0
2NdnQg,"[3, 4, 2, 1]","[4, 3, 1, 2]",22,17,13,0.09688127040863037,0
4dLyDK,"[1, 4, 2, 3]","[1, 2, 4, 3]",3,1,19,0.20027947425842285,0
KW59dQ,"[4, 2, 3, 1]","[4, 1, 3, 2]",21,11,3,2.897414207458496,0
AbmkL5,"[3, 4, 2, 1]","[3, 4, 1, 2]",22,16,2,1.653052568435669,0
6qPlnh,"[1, 2, 4, 3]","[4, 2, 1, 3]",1,15,21,0.06442821025848389,0
hi5ovh,"[1, 2, 3, 4]","[1, 3, 2, 4]",0,2,2,0.14016127586364746,0
i8A5K1,"[4, 1, 3, 2]","[1, 3, 4, 2]",11,4,13,0.0373072624206543,0
Yzx9Nm,"[4, 2, 3, 1]","[2, 4, 3, 1]",21,19,2,0.26861071586608887,0
YwAVtn,"[4, 3, 2, 1]","[2, 4, 3, 1]",23,19,10,0.18919765949249268,0
rU3vR8,"[3, 1, 4, 2]","[2, 1, 3, 4]",10,6,4,0.6839455366134644,0
iyTNXZ,"[3, 1, 4, 2]","[2, 1, 4, 3]",10,7,3,0.40098512172698975,0
NkqGXm,"[2, 4, 1, 3]","[4, 2, 3, 1]",13,21,22,0.12961113452911377,0
ibQw4b,"[3, 4, 1, 2]","[4, 1, 2, 3]",16,9,19,0.1528383493423462,0
8oPQ4x,"[3, 4, 2, 1]","[4, 3, 2, 1]",22,23,2,0.29371178150177,0
GLs2o8,"[3, 2, 1, 4]","[2, 1, 4, 3]",14,7,18,0.43360084295272827,0
pnWlVP,"[4, 2, 1, 3]","[4, 2, 3, 1]",15,21,6,0.09222924709320068,0
apyQyU,"[1, 4, 2, 3]","[1, 3, 2, 4]",3,2,4,6.163100242614746,0
v8aAzo,"[1, 4, 2, 3]","[4, 1, 2, 3]",3,9,13,3.863391399383545,0
lPXauE,"[4, 1, 2, 3]","[3, 1, 4, 2]",9,10,3,0.02385479211807251,0
5Cg0en,"[3, 4, 1, 2]","[3, 4, 2, 1]",16,22,2,0.21186563372612,0
F6dmww,"[3, 1, 4, 2]","[3, 2, 1, 4]",10,14,18,0.3113374710083008,0
7bsTTR,"[2, 4, 1, 3]","[3, 2, 4, 1]",13,20,13,0.422910213470459,0
DWASXY,"[2, 4, 1, 3]","[3, 2, 4, 1]",13,20,22,0.12835609912872314,0
YK1wDW,"[3, 1, 2, 4]","[4, 1, 2, 3]",8,9,7,0.011690378189086914,0
zmwVjr,"[3, 1, 2, 4]","[3, 4, 1, 2]",8,16,16,0.16116547584533691,0
AgZdr4,"[4, 2, 1, 3]","[3, 2, 1, 4]",15,14,2,0.8974106311798096,0
PnLRHB,"[4, 2, 3, 1]","[2, 4, 3, 1]",21,19,3,0.8840261697769165,0
4LQwdm,"[2, 4, 3, 1]","[2, 3, 4, 1]",19,18,2,0.06164073944091797,0
zcto0k,"[2, 4, 1, 3]","[1, 3, 4, 2]",13,4,18,0.2415933609008789,0
5RIPLb,"[3, 2, 1, 4]","[4, 2, 3, 1]",14,21,14,0.06500732898712158,0
ohooE5,"[2, 1, 3, 4]","[2, 3, 4, 1]",6,18,11,0.0340195894241333,0
6IDv6N,"[4, 2, 3, 1]","[3, 2, 4, 1]",21,20,3,2.5595216751098633,0
GQirAV,"[3, 4, 2, 1]","[2, 4, 3, 1]",22,19,3,0.23005199432373047,0
u2qny6,"[1, 4, 2, 3]","[4, 3, 1, 2]",3,17,15,0.6388949751853943,0
tv4Ef4,"[1, 2, 3, 4]","[1, 2, 4, 3]",0,1,6,0.11214983463287354,0
bMa4OG,"[1, 3, 2, 4]","[2, 3, 1, 4]",2,12,3,1.9855327606201172,0
9CcX4m,"[1, 2, 3, 4]","[4, 3, 2, 1]",0,23,24,0.1745760440826416,0
gqRV41,"[4, 2, 1, 3]","[1, 3, 2, 4]",15,2,12,0.3073275685310364,0
Gqh90p,"[3, 4, 2, 1]","[4, 3, 1, 2]",22,17,11,0.21322530508041382,0
Xb2xN5,"[1, 4, 2, 3]","[2, 1, 3, 4]",3,6,12,0.3014930486679077,0
qNfUOX,"[1, 2, 4, 3]","[4, 3, 2, 1]",1,23,22,0.03632545471191406,0
g4qiDC,"[1, 2, 3, 4]","[2, 1, 3, 4]",0,6,2,1.944471836090088,0
vF1nFV,"[3, 1, 4, 2]","[1, 3, 4, 2]",10,4,5,0.08089625835418701,0
qEcTHD,"[1, 4, 2, 3]","[1, 2, 4, 3]",3,1,7,0.11653351783752441,0
bUWJHg,"[1, 4, 2, 3]","[3, 4, 1, 2]",3,16,14,0.07316243648529053,0
ixIhQv,"[3, 4, 1, 2]","[2, 4, 3, 1]",16,19,9,0.07303440570831299,0
48ZLHd,"[4, 2, 3, 1]","[3, 2, 4, 1]",21,20,2,0.2139209508895874,0
MIDVip,"[1, 3, 4, 2]","[4, 1, 3, 2]",4,11,12,0.028676092624664307,0
C6p7Fc,"[2, 1, 4, 3]","[3, 4, 1, 2]",7,16,24,0.02600574493408203,0
OyLQQL,"[3, 2, 4, 1]","[3, 4, 2, 1]",20,22,2,1.0725572109222412,0
dF8uEW,"[4, 1, 2, 3]","[3, 2, 4, 1]",9,20,17,0.2020314335823059,0
VRCne8,"[1, 3, 4, 2]","[2, 4, 3, 1]",4,19,4,0.024652600288391113,0
P5e6Gq,"[3, 2, 1, 4]","[2, 4, 1, 3]",14,13,9,0.36704903841018677,0
vDpxDG,"[4, 3, 1, 2]","[3, 1, 2, 4]",17,8,8,0.24974101781845093,0
zGwe7q,"[4, 2, 1, 3]","[4, 3, 1, 2]",15,17,2,0.12831711769104004,0
Y7QD3w,"[1, 2, 3, 4]","[4, 2, 3, 1]",0,21,7,0.16017663478851318,0
XOo4HJ,"[1, 3, 2, 4]","[2, 4, 1, 3]",2,13,4,0.22865283489227295,0
mGo5rj,"[2, 4, 1, 3]","[3, 1, 4, 2]",13,10,14,0.13499808311462402,0
b0kHKS,"[3, 4, 1, 2]","[3, 2, 1, 4]",16,14,5,0.3107949495315552,0
hxXWEw,"[2, 1, 3, 4]","[1, 4, 2, 3]",6,3,18,0.30669641494750977,0
IFbK0f,"[1, 3, 2, 4]","[2, 3, 1, 4]",2,12,3,0.2896699905395508,0
ZN3iPd,"[3, 1, 2, 4]","[4, 1, 2, 3]",8,9,2,6.3342509269714355,0
HYS7Dj,"[4, 1, 2, 3]","[3, 1, 2, 4]",9,8,4,1.2779114246368408,0
GbUtC4,"[2, 3, 1, 4]","[3, 1, 2, 4]",12,8,6,0.0,0
5WAF9F,"[3, 2, 4, 1]","[2, 4, 3, 1]",20,19,5,0.0,0
b9VmJi,"[1, 2, 3, 4]","[1, 2, 4, 3]",0,1,2,0.5434032678604126,0
0pG0wy,"[3, 1, 2, 4]","[4, 1, 2, 3]",8,9,3,0.46248626708984375,0
VrRBCv,"[1, 2, 3, 4]","[1, 3, 4, 2]",0,4,7,0.19805163145065308,0
y0Uucv,"[1, 4, 2, 3]","[3, 1, 4, 2]",3,10,21,0.024344205856323242,0
X5fx7z,"[2, 1, 3, 4]","[1, 3, 2, 4]",6,2,8,0.3659660816192627,0
0hfM55,"[2, 4, 3, 1]","[3, 1, 4, 2]",19,10,19,0.265078067779541,0
Xbo7Hf,"[3, 1, 2, 4]","[1, 2, 3, 4]",8,0,4,0.07641971111297607,0
BwqaXN,"[2, 1, 4, 3]","[4, 2, 3, 1]",7,21,17,0.18133163452148438,0
4L42GS,"[3, 1, 2, 4]","[2, 4, 3, 1]",8,19,24,0.3236631155014038,0
79YozX,"[2, 4, 1, 3]","[1, 4, 2, 3]",13,3,4,0.10124528408050537,0
Nw9mJO,"[2, 1, 3, 4]","[4, 3, 1, 2]",6,17,17,0.16406500339508057,0
2JBpG0,"[3, 4, 1, 2]","[2, 3, 1, 4]",16,12,11,0.3099350929260254,0
icn13h,"[3, 4, 1, 2]","[3, 4, 2, 1]",16,22,2,2.191812753677368,0
7elRe1,"[2, 4, 1, 3]","[4, 1, 2, 3]",13,9,8,0.5118892192840576,0
2JgDM8,"[4, 1, 2, 3]","[4, 2, 3, 1]",9,21,11,0.10456138849258423,0
L3tklx,"[3, 2, 4, 1]","[4, 2, 3, 1]",20,21,2,0.2919749617576599,0
7sUZPq,"[1, 3, 2, 4]","[1, 3, 4, 2]",2,4,10,0.4522639513015747,0
VFDkLi,"[3, 4, 2, 1]","[2, 4, 3, 1]",22,19,3,0.6623603701591492,0
gzcc0g,"[4, 3, 2, 1]","[3, 4, 2, 1]",23,22,2,0.4662470817565918,0
wYXRYA,"[2, 3, 1, 4]","[2, 4, 3, 1]",12,19,19,0.03752046823501587,0
5y7bLf,"[3, 2, 1, 4]","[4, 2, 1, 3]",14,15,2,1.3186872005462646,0
6YVTCN,"[4, 1, 3, 2]","[2, 1, 4, 3]",11,7,2,0.2297682762145996,0
sG5wbZ,"[1, 2, 3, 4]","[3, 2, 1, 4]",0,14,4,3.4111130237579346,0
BdoK2L,"[1, 2, 3, 4]","[1, 2, 4, 3]",0,1,2,0.20256155729293823,0
cMDn72,"[2, 4, 3, 1]","[3, 4, 2, 1]",19,22,3,2.0871424674987793,0
Zv3VzH,"[4, 1, 2, 3]","[3, 1, 2, 4]",9,8,2,0.2560155391693115,0
PGnk3W,"[4, 2, 1, 3]","[4, 2, 3, 1]",15,21,5,0.07497763633728027,0
Q6n1VW,"[4, 2, 1, 3]","[1, 2, 4, 3]",15,1,22,0.24168306589126587,0
O7FRDb,"[1, 4, 3, 2]","[1, 2, 3, 4]",5,0,5,0.06605857610702515,0
2py2Nc,"[1, 2, 3, 4]","[1, 3, 2, 4]",0,2,2,0.04887712001800537,0
sX6eQ5,"[1, 2, 3, 4]","[4, 1, 2, 3]",0,9,6,0.34931671619415283,0
frT9Hr,"[3, 4, 2, 1]","[3, 4, 1, 2]",22,16,2,2.873893976211548,0
ZysORF,"[4, 2, 3, 1]","[4, 1, 3, 2]",21,11,5,0.31492483615875244,0
d6P6B3,"[3, 1, 2, 4]","[4, 1, 2, 3]",8,9,3,1.7417752742767334,0
kUGa4Q,"[3, 4, 1, 2]","[4, 3, 1, 2]",16,17,5,0.08830106258392334,0
Ro1tzQ,"[3, 4, 2, 1]","[1, 4, 3, 2]",22,5,8,0.5540555119514465,0
rilJyJ,"[3, 4, 1, 2]","[4, 1, 2, 3]",16,9,11,0.021114230155944824,0
34aKnr,"[1, 4, 3, 2]","[1, 4, 2, 3]",5,3,2,0.32050228118896484,0
8XISva,"[2, 1, 3, 4]","[3, 4, 1, 2]",6,16,20,1.0144740343093872,0
7dHhvx,"[4, 1, 3, 2]","[2, 1, 4, 3]",11,7,6,0.043625712394714355,0
xHvlaX,"[1, 2, 4, 3]","[3, 2, 4, 1]",1,20,5,0.01746213436126709,0
uMnYYf,"[3, 2, 4, 1]","[3, 2, 1, 4]",20,14,16,0.46654367446899414,0
bAMf36,"[2, 3, 4, 1]","[3, 4, 2, 1]",18,22,11,0.005354046821594238,0
OW6Njp,"[1, 2, 3, 4]","[3, 1, 2, 4]",0,8,7,0.09180986881256104,0
vgtS4L,"[2, 3, 4, 1]","[2, 4, 3, 1]",18,19,3,0.22857177257537842,0
U8Ufr6,"[4, 2, 3, 1]","[1, 3, 4, 2]",21,4,20,0.21823394298553467,0
JqNSI2,"[3, 2, 1, 4]","[2, 1, 3, 4]",14,6,7,0.5821801424026489,0
WoTOq2,"[1, 4, 3, 2]","[1, 2, 4, 3]",5,1,10,0.06481778621673584,0
BBGRcO,"[1, 2, 3, 4]","[3, 4, 2, 1]",0,22,11,0.017797112464904785,0
DESDcx,"[2, 4, 1, 3]","[1, 4, 2, 3]",13,3,2,0.717522144317627,0
yv4EGq,"[1, 2, 3, 4]","[2, 4, 3, 1]",0,19,21,0.20653551816940308,0
7sNgYZ,"[4, 1, 2, 3]","[4, 2, 1, 3]",9,15,2,3.3758597373962402,0
KT5W3g,"[1, 4, 3, 2]","[3, 1, 2, 4]",5,8,13,0.16750073432922363,0
pVz6dn,"[1, 3, 2, 4]","[1, 4, 2, 3]",2,3,2,0.579149067401886,0
jLXFqf,"[4, 2, 3, 1]","[1, 4, 3, 2]",21,5,19,0.9664602875709534,0
83pJ57,"[3, 4, 1, 2]","[4, 3, 1, 2]",16,17,3,1.8087620735168457,0
q8gTSV,"[4, 3, 2, 1]","[3, 4, 2, 1]",23,22,2,1.2132108211517334,0
EQpDDa,"[3, 4, 2, 1]","[3, 2, 4, 1]",22,20,7,1.009124994277954,0
HfQOVx,"[3, 1, 2, 4]","[3, 1, 4, 2]",8,10,6,0.024911880493164062,0
e1pLSC,"[1, 2, 4, 3]","[4, 3, 2, 1]",1,23,22,0.11041903495788574,0
6XN1ZC,"[3, 4, 2, 1]","[4, 2, 1, 3]",22,15,15,0.026546478271484375,0
MR1lTV,"[4, 1, 3, 2]","[4, 1, 2, 3]",11,9,3,0.4566403031349182,0
S5fyFe,"[2, 4, 3, 1]","[2, 3, 4, 1]",19,18,2,3.319141387939453,0
V0AgmY,"[2, 1, 4, 3]","[1, 2, 4, 3]",7,1,2,1.0582995414733887,0
6nBkgV,"[3, 2, 4, 1]","[1, 3, 4, 2]",20,4,11,0.07781398296356201,0
cKe0Z1,"[4, 2, 3, 1]","[3, 2, 4, 1]",21,20,2,0.04888993501663208,0
trpR4q,"[3, 2, 1, 4]","[4, 3, 1, 2]",14,17,3,0.11489439010620117,0
Givhdf,"[3, 4, 1, 2]","[2, 4, 3, 1]",16,19,12,0.07459616661071777,0
5AJFwf,"[2, 4, 3, 1]","[1, 3, 4, 2]",19,4,4,0.28277140855789185,0
7Q6kHz,"[4, 2, 1, 3]","[2, 3, 1, 4]",15,12,16,0.061177730560302734,0
J9AFgB,"[2, 4, 3, 1]","[2, 3, 4, 1]",19,18,2,0.22067904472351074,0
qtFLPK,"[3, 1, 4, 2]","[3, 1, 2, 4]",10,8,13,0.001191258430480957,0
AsaGLq,"[2, 3, 1, 4]","[3, 1, 4, 2]",12,10,19,0.25473272800445557,0
ghZQMl,"[3, 4, 1, 2]","[1, 2, 4, 3]",16,1,14,0.06620502471923828,0
yS9K3B,"[2, 1, 4, 3]","[1, 2, 4, 3]",7,1,2,0.11572551727294922,0
SP7siQ,"[2, 4, 1, 3]","[1, 4, 2, 3]",13,3,2,0.8340654373168945,0
4Va1l1,"[4, 2, 3, 1]","[2, 4, 3, 1]",21,19,8,0.6835023760795593,0
4T1XYn,"[4, 3, 2, 1]","[4, 2, 3, 1]",23,21,3,0.47356945276260376,0
mnrSnJ,"[3, 1, 4, 2]","[4, 2, 1, 3]",10,15,14,0.12054765224456787,0
o2zFpx,"[4, 1, 3, 2]","[4, 3, 2, 1]",11,23,13,0.053595662117004395,0
rYkBW7,"[1, 4, 2, 3]","[4, 1, 3, 2]",3,11,24,0.5189447402954102,0
IVi4xA,"[2, 4, 3, 1]","[1, 4, 3, 2]",19,5,6,0.3182893991470337,0
wcFL3R,"[1, 2, 3, 4]","[2, 1, 3, 4]",0,6,4,0.5198336839675903,0
pWbNRu,"[4, 2, 1, 3]","[1, 2, 4, 3]",15,1,16,0.15166795253753662,0
VuYGHD,"[2, 3, 1, 4]","[3, 1, 2, 4]",12,8,12,0.01559293270111084,0
vjkx7H,"[3, 2, 1, 4]","[3, 4, 1, 2]",14,16,6,0.16287708282470703,0
Z30Ghq,"[1, 2, 3, 4]","[1, 4, 2, 3]",0,3,4,1.0562384128570557,0
BHQxpx,"[4, 1, 3, 2]","[3, 2, 1, 4]",11,14,15,0.07526886463165283,0
iAF84v,"[1, 3, 4, 2]","[3, 1, 4, 2]",4,10,14,0.06477499008178711,0
gGvQWC,"[2, 4, 3, 1]","[1, 2, 3, 4]",19,0,7,0.26960569620132446,0
IaYrAN,"[4, 2, 3, 1]","[1, 4, 2, 3]",21,3,24,0.03887605667114258,0
PeiMxR,"[1, 4, 3, 2]","[3, 2, 1, 4]",5,14,18,0.131003737449646,0
mV6DuW,"[1, 3, 4, 2]","[4, 2, 3, 1]",4,21,12,0.4352080225944519,0
F1DmdT,"[3, 2, 4, 1]","[3, 1, 2, 4]",20,8,24,0.19691622257232666,0
pZO6GU,"[1, 3, 4, 2]","[2, 4, 1, 3]",4,13,12,0.3330947756767273,0
evh9XZ,"[1, 2, 3, 4]","[2, 3, 1, 4]",0,12,7,0.11957418918609619,0
5GU7iH,"[1, 2, 4, 3]","[1, 3, 4, 2]",1,4,2,1.7679600715637207,0
Xh6dAJ,"[3, 2, 1, 4]","[1, 2, 4, 3]",14,1,15,0.09494960308074951,0
oqyHGV,"[3, 2, 4, 1]","[3, 1, 4, 2]",20,10,2,2.097259998321533,0
sbsAtY,"[4, 3, 1, 2]","[4, 1, 3, 2]",17,11,4,1.3992620706558228,0
TfOAWK,"[4, 2, 1, 3]","[3, 2, 4, 1]",15,20,6,0.12074697017669678,0
oJ8KJ3,"[3, 4, 2, 1]","[4, 3, 2, 1]",22,23,2,1.7448629140853882,0
HD8W0N,"[2, 1, 3, 4]","[4, 1, 2, 3]",6,9,8,0.09498381614685059,0
PrSu3j,"[1, 2, 3, 4]","[1, 4, 3, 2]",0,5,2,3.554537296295166,0
bUBedw,"[1, 4, 2, 3]","[2, 1, 3, 4]",3,6,12,0.6753506660461426,0
xlKGit,"[1, 2, 3, 4]","[3, 4, 2, 1]",0,22,18,0.3340526819229126,0
Yk8uMQ,"[1, 2, 3, 4]","[4, 1, 3, 2]",0,11,8,0.1705871820449829,0
DQZuVJ,"[4, 3, 1, 2]","[1, 3, 2, 4]",17,2,17,0.1472179889678955,0
T7wzfu,"[2, 1, 3, 4]","[1, 4, 2, 3]",6,3,5,0.1803329586982727,0
tgkHN7,"[3, 4, 1, 2]","[4, 3, 1, 2]",16,17,2,2.199878454208374,0
4Zzo7L,"[4, 2, 3, 1]","[1, 3, 2, 4]",21,2,23,0.2820475101470947,0
u6RCUr,"[4, 3, 1, 2]","[4, 2, 1, 3]",17,15,2,0.07820594310760498,0
ijFDcH,"[4, 2, 1, 3]","[4, 1, 2, 3]",15,9,3,0.47259020805358887,0
BC1nFA,"[3, 4, 1, 2]","[1, 2, 4, 3]",16,1,22,0.6440128087997437,0
3nWoD0,"[4, 2, 3, 1]","[3, 1, 2, 4]",21,8,15,0.502475917339325,0
qfm0jF,"[3, 1, 2, 4]","[4, 3, 2, 1]",8,23,22,0.13872110843658447,0
42nDnY,"[3, 2, 4, 1]","[4, 2, 3, 1]",20,21,2,0.36887186765670776,0
xF4S4a,"[3, 4, 1, 2]","[2, 4, 1, 3]",16,13,3,0.12473046779632568,0
hjvMLc,"[2, 3, 4, 1]","[2, 3, 1, 4]",18,12,22,0.9001388549804688,0
3mv39x,"[3, 2, 1, 4]","[4, 2, 1, 3]",14,15,4,0.09713989496231079,0
DmiSo3,"[2, 3, 1, 4]","[3, 4, 1, 2]",12,16,7,0.026160240173339844,0
ACnUhO,"[2, 3, 4, 1]","[3, 4, 1, 2]",18,16,17,0.06682920455932617,0
Lc4Vh3,"[3, 1, 4, 2]","[4, 2, 1, 3]",10,15,10,0.616898775100708,0
4NlbHI,"[2, 1, 4, 3]","[1, 3, 2, 4]",7,2,14,1.6954118013381958,0
q8RYZT,"[3, 2, 1, 4]","[1, 3, 2, 4]",14,2,11,0.2036057710647583,0
EFJe9V,"[2, 4, 1, 3]","[1, 2, 3, 4]",13,0,11,0.2051471471786499,0
JK9IRR,"[2, 4, 3, 1]","[1, 4, 3, 2]",19,5,4,0.11584162712097168,0
JYIlCB,"[4, 3, 2, 1]","[4, 1, 3, 2]",23,11,6,0.737097978591919,0
4XDiMp,"[4, 3, 2, 1]","[3, 2, 1, 4]",23,14,10,0.06152033805847168,0
gKkdPA,"[1, 3, 4, 2]","[1, 2, 4, 3]",4,1,3,0.0,0
eIbSPW,"[2, 3, 1, 4]","[4, 1, 2, 3]",12,9,14,0.21594882011413574,0
fgWvwV,"[2, 4, 1, 3]","[2, 1, 3, 4]",13,6,22,0.04328280687332153,0
xHvy1N,"[3, 4, 2, 1]","[1, 2, 3, 4]",22,0,14,0.020453691482543945,0
xq8kUB,"[1, 2, 3, 4]","[4, 1, 2, 3]",0,9,11,0.582538366317749,0
TmzS0X,"[1, 4, 2, 3]","[1, 2, 3, 4]",3,0,4,0.11148393154144287,0
OsnGNK,"[1, 2, 4, 3]","[1, 2, 3, 4]",1,0,2,0.0946965217590332,0
y6xyJz,"[4, 2, 1, 3]","[3, 2, 1, 4]",15,14,2,0.27203667163848877,0
WR6CGP,"[2, 1, 3, 4]","[3, 1, 2, 4]",6,8,3,0.7502478957176208,0
ZgOflG,"[1, 4, 2, 3]","[4, 2, 1, 3]",3,15,5,0.7220413684844971,0
Mroold,"[1, 2, 4, 3]","[1, 4, 2, 3]",1,3,14,0.2956472635269165,0
U6f3cQ,"[1, 2, 4, 3]","[3, 4, 2, 1]",1,22,17,0.035778045654296875,0
xsfs0f,"[1, 4, 2, 3]","[4, 2, 1, 3]",3,15,19,0.15586578845977783,0
t9wx6Q,"[2, 3, 1, 4]","[3, 2, 4, 1]",12,20,4,0.36041688919067383,0
a8hKkh,"[4, 1, 3, 2]","[1, 3, 2, 4]",11,2,21,0.12320554256439209,0
4k6vn7,"[3, 4, 1, 2]","[1, 4, 2, 3]",16,3,10,0.2766662836074829,0
cVPddD,"[2, 4, 1, 3]","[3, 4, 2, 1]",13,22,9,0.04400980472564697,0
nGYYvY,"[3, 2, 1, 4]","[2, 3, 1, 4]",14,12,3,0.06994634866714478,0
3291TI,"[2, 3, 4, 1]","[1, 3, 4, 2]",18,4,2,0.6479183435440063,0
9tQU5g,"[1, 2, 3, 4]","[1, 3, 2, 4]",0,2,3,0.4592999219894409,0
XmW7Cv,"[3, 2, 4, 1]","[1, 3, 2, 4]",20,2,23,0.3091754913330078,0
6oVYt0,"[1, 2, 3, 4]","[3, 4, 1, 2]",0,16,20,0.2314777374267578,0
swBFAw,"[3, 1, 4, 2]","[4, 1, 3, 2]",10,11,2,0.307003915309906,0
ZgnzAK,"[1, 2, 4, 3]","[1, 3, 4, 2]",1,4,2,0.4577506184577942,0
StGg7n,"[1, 2, 4, 3]","[2, 1, 4, 3]",1,7,5,0.08198177814483643,0
dMleXE,"[3, 2, 4, 1]","[1, 2, 3, 4]",20,0,17,0.34614884853363037,0
pTSQt8,"[2, 1, 4, 3]","[3, 2, 1, 4]",7,14,9,0.039253830909729004,0
laLuXN,"[2, 1, 3, 4]","[4, 2, 3, 1]",6,21,14,0.5072166323661804,0
hmrxPp,"[3, 1, 2, 4]","[4, 1, 2, 3]",8,9,2,0.32835304737091064,0
DQh31N,"[3, 2, 1, 4]","[1, 2, 3, 4]",14,0,6,2.2275047302246094,0
dmpz6J,"[1, 4, 3, 2]","[4, 1, 3, 2]",5,11,10,0.7336891889572144,0
g0nThv,"[4, 1, 2, 3]","[4, 1, 3, 2]",9,11,3,0.2672601342201233,0
OYyXwe,"[4, 1, 3, 2]","[1, 3, 2, 4]",11,2,21,0.08140957355499268,0
MuDzRe,"[2, 1, 3, 4]","[3, 2, 4, 1]",6,20,12,0.7451107501983643,0
Tvzz2I,"[4, 3, 1, 2]","[1, 2, 4, 3]",17,1,22,0.04461538791656494,0
iRK9NH,"[3, 4, 1, 2]","[1, 3, 2, 4]",16,2,13,0.32304465770721436,0
GKKOYM,"[3, 2, 1, 4]","[4, 2, 1, 3]",14,15,2,0.08501815795898438,0
tTBZTg,"[4, 3, 2, 1]","[2, 1, 4, 3]",23,7,23,0.6969186067581177,0
bclc5q,"[1, 2, 3, 4]","[2, 1, 4, 3]",0,7,6,1.975076675415039,0
w3ZcRQ,"[1, 2, 3, 4]","[2, 1, 3, 4]",0,6,2,0.46743273735046387,0
enk4I4,"[2, 1, 4, 3]","[2, 1, 3, 4]",7,6,5,3.859870195388794,0
Dzq7yB,"[2, 4, 1, 3]","[2, 3, 4, 1]",13,18,8,0.39393413066864014,0
lCwk5n,"[4, 1, 2, 3]","[4, 3, 2, 1]",9,23,7,1.12619149684906,0
Xu5whZ,"[1, 4, 3, 2]","[1, 4, 2, 3]",5,3,2,0.10186183452606201,0
bDjbOE,"[1, 3, 2, 4]","[1, 4, 3, 2]",2,5,5,0.009909391403198242,0
qIaPOC,"[4, 2, 1, 3]","[4, 2, 3, 1]",15,21,11,0.4244023561477661,0
uaN86G,"[1, 2, 3, 4]","[3, 2, 1, 4]",0,14,4,0.35715556144714355,0
s0ConF,"[1, 2, 3, 4]","[2, 3, 4, 1]",0,18,5,0.5859019756317139,0
isPd9R,"[3, 1, 4, 2]","[2, 3, 1, 4]",10,12,20,0.05417156219482422,0
R3DxCo,"[3, 1, 4, 2]","[4, 1, 3, 2]",10,11,2,0.025098085403442383,0
0gtkeC,"[3, 2, 4, 1]","[1, 4, 2, 3]",20,3,24,0.10367858409881592,0
ObTqO3,"[2, 4, 3, 1]","[3, 4, 1, 2]",19,16,10,0.06030380725860596,0
jx3mRx,"[3, 1, 4, 2]","[2, 1, 4, 3]",10,7,2,2.3295655250549316,0
9lZG3P,"[1, 2, 3, 4]","[3, 1, 2, 4]",0,8,3,0.6470066905021667,0
tykxza,"[3, 1, 4, 2]","[2, 1, 4, 3]",10,7,2,0.29518193006515503,0
OngE1i,"[4, 2, 1, 3]","[4, 3, 2, 1]",15,23,7,0.48011988401412964,0
AsYWTa,"[3, 1, 2, 4]","[2, 3, 1, 4]",8,12,5,0.5510590672492981,0
2aiXnF,"[4, 3, 1, 2]","[1, 2, 3, 4]",17,0,20,0.0077936649322509766,0
bCIztk,"[3, 1, 2, 4]","[3, 2, 1, 4]",8,14,5,0.4824644923210144,0
Ok9peO,"[2, 4, 1, 3]","[1, 4, 2, 3]",13,3,2,0.6567746996879578,0
mtfiWY,"[1, 2, 3, 4]","[1, 4, 3, 2]",0,5,12,0.26613497734069824,0
ayLK7A,"[1, 4, 3, 2]","[2, 4, 3, 1]",5,19,2,0.193464994430542,0
xp2mTR,"[3, 1, 4, 2]","[3, 1, 2, 4]",10,8,11,0.27980905771255493,0
qiq9d6,"[4, 1, 2, 3]","[1, 2, 4, 3]",9,1,8,0.010729193687438965,0
rLpUdn,"[4, 2, 1, 3]","[2, 3, 4, 1]",15,18,21,0.3267548084259033,0
vmVWUz,"[2, 1, 3, 4]","[4, 1, 2, 3]",6,9,6,0.08570706844329834,0
2qaoHt,"[3, 4, 1, 2]","[1, 3, 4, 2]",16,4,11,0.7410179376602173,0
Osoomn,"[3, 2, 4, 1]","[1, 3, 2, 4]",20,2,19,0.03194606304168701,0
JAx2ab,"[3, 2, 1, 4]","[1, 2, 3, 4]",14,0,6,0.13020747900009155,0
5qulvp,"[3, 1, 4, 2]","[1, 2, 4, 3]",10,1,11,0.07406187057495117,0
PjWuch,"[2, 1, 4, 3]","[3, 1, 2, 4]",7,8,3,0.07088035345077515,0
SfyjpW,"[1, 3, 2, 4]","[1, 4, 2, 3]",2,3,2,0.04701852798461914,0
wcLH0l,"[1, 2, 3, 4]","[2, 3, 4, 1]",0,18,11,0.06564986705780029,0
runpIe,"[2, 1, 4, 3]","[4, 1, 3, 2]",7,11,8,0.3342016339302063,0
3CWozr,"[4, 1, 2, 3]","[3, 1, 4, 2]",9,10,6,0.03985714912414551,0
2Y0A4I,"[4, 2, 3, 1]","[3, 2, 4, 1]",21,20,2,0.6334488987922668,0
RPYON6,"[2, 3, 1, 4]","[1, 4, 2, 3]",12,3,6,0.543261706829071,0
LRvEiG,"[4, 1, 3, 2]","[4, 2, 1, 3]",11,15,20,0.06177818775177002,0
0p2B0D,"[1, 4, 3, 2]","[1, 4, 2, 3]",5,3,2,0.8843830823898315,0
CKJY4o,"[4, 2, 3, 1]","[4, 2, 1, 3]",21,15,5,1.9647221565246582,0
fS9dtc,"[4, 3, 2, 1]","[3, 4, 2, 1]",23,22,3,0.15457725524902344,0
ouuUsW,"[4, 1, 3, 2]","[3, 1, 4, 2]",11,10,2,0.09258747100830078,0
pdBh32,"[1, 2, 3, 4]","[4, 2, 1, 3]",0,15,18,0.058397650718688965,0
xRfzEK,"[1, 2, 3, 4]","[2, 1, 3, 4]",0,6,2,0.6551473736763,0
npjOOO,"[4, 2, 1, 3]","[4, 2, 3, 1]",15,21,4,0.18131637573242188,0
JmMPM7,"[1, 2, 3, 4]","[2, 4, 1, 3]",0,13,14,0.1581563949584961,0
vnbiS3,"[4, 3, 1, 2]","[3, 1, 4, 2]",17,10,22,0.013090729713439941,0
o0rEb2,"[4, 1, 3, 2]","[2, 1, 4, 3]",11,7,2,0.03271615505218506,0
3EQBce,"[4, 1, 3, 2]","[3, 1, 4, 2]",11,10,3,0.15270912647247314,0
7d7AKJ,"[4, 3, 2, 1]","[2, 4, 3, 1]",23,19,9,0.027074813842773438,0
bKIoWQ,"[3, 4, 2, 1]","[2, 4, 3, 1]",22,19,3,0.07399904727935791,0
CQgM7v,"[3, 4, 1, 2]","[2, 4, 1, 3]",16,13,4,0.5032106637954712,0
0pjgJa,"[2, 4, 1, 3]","[1, 2, 4, 3]",13,1,11,0.6271033883094788,0
bnVrxs,"[3, 2, 1, 4]","[2, 3, 1, 4]",14,12,2,0.2052546739578247,0
XWcAsi,"[1, 2, 3, 4]","[1, 4, 3, 2]",0,5,7,0.36794495582580566,0
9YCTDM,"[3, 1, 2, 4]","[4, 2, 1, 3]",8,15,11,0.6375361680984497,0
zUu5b6,"[3, 4, 1, 2]","[1, 4, 3, 2]",16,5,9,0.023906230926513672,0
GgG33N,"[1, 3, 4, 2]","[2, 3, 1, 4]",4,12,10,0.1279144287109375,0
Rd4Gb1,"[2, 4, 3, 1]","[2, 3, 4, 1]",19,18,2,0.24441367387771606,0
V2AWtW,"[2, 4, 3, 1]","[3, 2, 1, 4]",19,14,24,0.004807114601135254,0
K9qOck,"[1, 2, 3, 4]","[1, 3, 2, 4]",0,2,3,0.013383865356445312,0
H9xV27,"[1, 2, 3, 4]","[4, 1, 3, 2]",0,11,18,0.49576854705810547,0
TEimCW,"[4, 3, 1, 2]","[3, 4, 2, 1]",17,22,10,0.3486872911453247,0
IzBYnU,"[2, 4, 3, 1]","[4, 3, 2, 1]",19,23,4,0.3061504364013672,0
3n0afI,"[4, 3, 2, 1]","[2, 4, 1, 3]",23,13,11,0.06534886360168457,0
b55Efs,"[4, 2, 3, 1]","[4, 3, 2, 1]",21,23,2,4.229799747467041,0
TFQTlV,"[1, 4, 2, 3]","[1, 3, 2, 4]",3,2,2,2.811544895172119,0
GrG37z,"[1, 2, 3, 4]","[1, 2, 4, 3]",0,1,3,1.6475497484207153,0
bR5FZX,"[3, 4, 1, 2]","[1, 2, 3, 4]",16,0,19,0.4859658479690552,0
Am6WBM,"[2, 3, 1, 4]","[4, 3, 1, 2]",12,17,3,0.3443690538406372,0
0GDP9V,"[1, 4, 2, 3]","[3, 4, 1, 2]",3,16,6,0.1462574601173401,0
xwYBdK,"[4, 1, 2, 3]","[3, 1, 2, 4]",9,8,3,0.15070974826812744,0
hCcx7T,"[3, 2, 1, 4]","[2, 1, 4, 3]",14,7,11,0.5123654007911682,0
Ml6iRl,"[1, 3, 4, 2]","[1, 4, 3, 2]",4,5,2,0.17782974243164062,0
p3JHGh,"[4, 3, 2, 1]","[1, 3, 2, 4]",23,2,20,0.08945941925048828,0
JLs0nW,"[2, 4, 1, 3]","[3, 4, 1, 2]",13,16,6,0.01682746410369873,0
dp4CjA,"[1, 3, 2, 4]","[4, 2, 3, 1]",2,21,20,0.009870529174804688,0
fqd5a4,"[2, 4, 1, 3]","[2, 4, 3, 1]",13,19,8,4.540770530700684,0
UVxeuF,"[1, 2, 3, 4]","[1, 4, 2, 3]",0,3,4,1.0373291969299316,0
tfbGSP,"[2, 3, 4, 1]","[2, 4, 3, 1]",18,19,3,0.21230274438858032,0
UqCbEO,"[2, 1, 3, 4]","[2, 3, 1, 4]",6,12,5,0.03664422035217285,0
MjHJGv,"[4, 2, 1, 3]","[3, 1, 4, 2]",15,10,23,0.07497262954711914,0
WDvhBe,"[4, 3, 2, 1]","[4, 3, 1, 2]",23,17,3,0.30937981605529785,0
v8ykVY,"[2, 4, 3, 1]","[2, 3, 4, 1]",19,18,4,0.6746943593025208,0
P35qK4,"[3, 2, 4, 1]","[4, 1, 3, 2]",20,11,5,1.6941866874694824,0
inmjCR,"[2, 3, 1, 4]","[2, 4, 1, 3]",12,13,2,1.0067956447601318,0
A6lWYO,"[1, 4, 3, 2]","[1, 4, 2, 3]",5,3,2,0.7478365898132324,0
DInAv1,"[4, 3, 1, 2]","[3, 4, 1, 2]",17,16,2,1.4083218574523926,0
zNKhtf,"[1, 2, 3, 4]","[1, 3, 2, 4]",0,2,2,0.5200343728065491,0
UuUNep,"[1, 2, 3, 4]","[1, 3, 2, 4]",0,2,2,0.9641283750534058,0
VvE1iO,"[3, 4, 1, 2]","[2, 1, 3, 4]",16,6,19,0.00043720006942749023,0
4IRBoM,"[1, 2, 3, 4]","[1, 4, 3, 2]",0,5,5,0.011965751647949219,0
Qqb8Hz,"[1, 2, 3, 4]","[4, 2, 3, 1]",0,21,19,0.009429693222045898,0
8kpquE,"[1, 4, 2, 3]","[3, 2, 4, 1]",3,20,19,0.0022193193435668945,0
6wkS8Z,"[4, 3, 1, 2]","[4, 2, 1, 3]",17,15,2,0.9434696435928345,0
EJAqPZ,"[3, 2, 4, 1]","[2, 3, 4, 1]",20,18,2,0.1993957757949829,0
hVreGh,"[1, 3, 4, 2]","[2, 3, 4, 1]",4,18,3,0.07829618453979492,0
nKI6pU,"[3, 4, 1, 2]","[2, 4, 1, 3]",16,13,3,0.42341500520706177,0
upzYSf,"[2, 3, 4, 1]","[1, 3, 2, 4]",18,2,17,0.35981690883636475,0
3C9VcB,"[2, 1, 4, 3]","[4, 1, 3, 2]",7,11,4,0.7730294466018677,0
zY9B3n,"[4, 3, 2, 1]","[3, 1, 4, 2]",23,10,14,0.02300107479095459,0
GtM2rB,"[1, 2, 3, 4]","[2, 1, 3, 4]",0,6,6,0.1349623203277588,0
JKQWfL,"[2, 4, 1, 3]","[1, 4, 2, 3]",13,3,2,0.30169200897216797,0
Zgd9qI,"[1, 2, 3, 4]","[1, 2, 4, 3]",0,1,2,1.1833858489990234,0
xOEpkt,"[3, 1, 2, 4]","[2, 1, 4, 3]",8,7,5,1.723426342010498,0
Kc2qce,"[4, 2, 3, 1]","[2, 4, 3, 1]",21,19,12,0.020405292510986328,0
GuqPyp,"[3, 1, 4, 2]","[3, 1, 2, 4]",10,8,6,0.07898128032684326,0
3EE2SQ,"[3, 1, 2, 4]","[1, 4, 2, 3]",8,3,15,0.27585268020629883,0
Eomjsw,"[2, 3, 1, 4]","[3, 2, 1, 4]",12,14,2,0.07561707496643066,0
xd91OW,"[2, 1, 4, 3]","[2, 1, 3, 4]",7,6,2,0.473991721868515,0
vJxSUE,"[3, 2, 1, 4]","[3, 2, 4, 1]",14,20,12,0.04152882099151611,0
XKAhmA,"[4, 2, 1, 3]","[4, 1, 2, 3]",15,9,2,0.3335195779800415,0
aiP71X,"[1, 2, 3, 4]","[4, 1, 3, 2]",0,11,14,0.6297548413276672,0
N09Mfm,"[2, 3, 4, 1]","[3, 4, 2, 1]",18,22,6,0.8818528056144714,0
R65h7g,"[1, 3, 4, 2]","[1, 4, 2, 3]",4,3,10,0.24769961833953857,0
SVxAro,"[3, 2, 4, 1]","[1, 4, 3, 2]",20,5,16,0.8219013214111328,0
8cYIkN,"[4, 1, 3, 2]","[3, 1, 2, 4]",11,8,9,0.08623433113098145,0
FrT8Fn,"[3, 1, 2, 4]","[3, 2, 4, 1]",8,20,15,0.2600966691970825,0
Hv3akF,"[1, 2, 3, 4]","[2, 1, 3, 4]",0,6,2,0.165299654006958,0
YMbD4D,"[3, 4, 1, 2]","[4, 3, 1, 2]",16,17,2,0.26384949684143066,0
fxAsO6,"[4, 2, 3, 1]","[3, 2, 4, 1]",21,20,2,5.648028373718262,0
aQjEJd,"[4, 1, 2, 3]","[3, 1, 2, 4]",9,8,3,0.33645880222320557,0
0jV19m,"[1, 3, 4, 2]","[2, 1, 4, 3]",4,7,9,0.09576225280761719,0
vsLuez,"[1, 4, 2, 3]","[2, 1, 3, 4]",3,6,12,0.0700685977935791,0
B0T7ZS,"[4, 2, 1, 3]","[3, 2, 1, 4]",15,14,2,0.16217583417892456,0
idZe7w,"[4, 1, 2, 3]","[3, 2, 4, 1]",9,20,12,0.04901576042175293,0
YuoE1H,"[4, 3, 1, 2]","[3, 2, 1, 4]",17,14,5,0.10685527324676514,0
OxtN7u,"[4, 3, 2, 1]","[1, 3, 2, 4]",23,2,2,0.1180107593536377,0
BMsXXn,"[2, 3, 4, 1]","[2, 4, 3, 1]",18,19,5,0.01900506019592285,0
8qWzHd,"[1, 4, 3, 2]","[2, 4, 3, 1]",5,19,2,0.25461286306381226,0
SfHl0D,"[2, 4, 3, 1]","[3, 4, 2, 1]",19,22,2,0.26802879571914673,0
O0ZrBa,"[1, 2, 3, 4]","[1, 3, 4, 2]",0,4,8,0.1340329647064209,0
7KCQHF,"[2, 4, 3, 1]","[2, 4, 1, 3]",19,13,6,1.0353502035140991,0
kWoStB,"[2, 1, 4, 3]","[4, 3, 2, 1]",7,23,21,0.6688956022262573,0
RRJ7uA,"[3, 2, 4, 1]","[4, 1, 3, 2]",20,11,12,0.13954627513885498,0
UlgXS6,"[2, 3, 1, 4]","[3, 2, 1, 4]",12,14,3,1.1836588382720947,0
HORgSJ,"[4, 3, 1, 2]","[1, 4, 2, 3]",17,3,14,0.3044898509979248,0
E6wMve,"[1, 2, 3, 4]","[2, 4, 1, 3]",0,13,11,0.24636006355285645,0
z1omll,"[4, 2, 3, 1]","[2, 1, 3, 4]",21,6,12,0.06104278564453125,0
yusgTp,"[2, 1, 3, 4]","[4, 1, 2, 3]",6,9,14,0.025297164916992188,0
hyqeEx,"[4, 2, 1, 3]","[2, 3, 1, 4]",15,12,5,0.26146185398101807,0
yCcsyX,"[4, 3, 2, 1]","[2, 4, 3, 1]",23,19,4,0.3230050802230835,0
xzafuh,"[2, 4, 3, 1]","[1, 4, 3, 2]",19,5,3,0.3790280818939209,0
AMn64w,"[1, 3, 2, 4]","[1, 2, 4, 3]",2,1,13,0.05429697036743164,0
7CkovV,"[4, 2, 1, 3]","[4, 3, 1, 2]",15,17,2,0.4231753349304199,0
6WQ4NI,"[2, 1, 4, 3]","[2, 4, 3, 1]",7,19,7,0.4601518511772156,0
uHtSK6,"[1, 2, 3, 4]","[1, 4, 2, 3]",0,3,9,1.3279170989990234,0
NsuxqY,"[2, 4, 1, 3]","[1, 4, 2, 3]",13,3,2,0.4271239638328552,0
b6Xe62,"[4, 1, 2, 3]","[2, 3, 1, 4]",9,12,10,0.3612293004989624,0
xE6vjN,"[4, 2, 3, 1]","[3, 2, 4, 1]",21,20,2,0.28844672441482544,0
jLUPIJ,"[1, 2, 3, 4]","[4, 1, 2, 3]",0,9,23,0.06612753868103027,0
29913X,"[4, 3, 1, 2]","[3, 4, 1, 2]",17,16,15,0.7246366739273071,0
RAaVHd,"[1, 4, 3, 2]","[3, 4, 2, 1]",5,22,5,0.059525251388549805,0
4N51DR,"[1, 2, 3, 4]","[4, 1, 2, 3]",0,9,5,0.02608203887939453,0
NTcmwM,"[3, 4, 1, 2]","[4, 3, 1, 2]",16,17,3,0.5492884516716003,0
qm13yr,"[3, 2, 4, 1]","[2, 1, 4, 3]",20,7,4,0.3253018260002136,0
iNjbSv,"[2, 4, 1, 3]","[4, 3, 1, 2]",13,17,3,0.01750624179840088,0
VRuxIO,"[3, 4, 1, 2]","[2, 1, 3, 4]",16,6,23,0.38090330362319946,0
qN9459,"[3, 1, 2, 4]","[2, 1, 4, 3]",8,7,6,0.03001105785369873,0
KM32XK,"[1, 2, 3, 4]","[1, 3, 4, 2]",0,4,5,0.3303924798965454,0
7TvIvf,"[3, 4, 2, 1]","[2, 3, 1, 4]",22,12,10,0.15594381093978882,0
muno3q,"[1, 3, 4, 2]","[1, 4, 3, 2]",4,5,2,4.089344024658203,0
obrfLy,"[1, 4, 2, 3]","[4, 1, 2, 3]",3,9,17,0.9335454702377319,0
0OGYqD,"[2, 4, 3, 1]","[3, 2, 4, 1]",19,20,5,0.02660924196243286,0
267Cti,"[1, 4, 3, 2]","[3, 4, 2, 1]",5,22,2,0.8627526164054871,0
w3NbIR,"[4, 3, 1, 2]","[3, 2, 1, 4]",17,14,4,0.6744627952575684,0
IedwOW,"[2, 3, 1, 4]","[2, 1, 3, 4]",12,6,6,0.08771848678588867,0
oBxcCo,"[2, 4, 1, 3]","[2, 1, 3, 4]",13,6,11,0.07460939884185791,0
WnHmSV,"[4, 1, 2, 3]","[2, 1, 3, 4]",9,6,5,0.14852988719940186,0
WCp4IU,"[3, 1, 4, 2]","[4, 1, 3, 2]",10,11,3,0.491225004196167,0
P79Fhe,"[2, 3, 1, 4]","[2, 4, 1, 3]",12,13,2,0.08984130620956421,0
6y7j5b,"[1, 4, 3, 2]","[1, 3, 2, 4]",5,2,3,0.15328586101531982,0
b6EbPt,"[2, 3, 4, 1]","[2, 3, 1, 4]",18,12,12,0.11652052402496338,0
P7B65c,"[1, 4, 2, 3]","[2, 1, 3, 4]",3,6,12,0.2566407322883606,0
9vzybN,"[4, 3, 1, 2]","[2, 4, 3, 1]",17,19,12,0.22708046436309814,0
Pa72kb,"[1, 2, 3, 4]","[1, 2, 4, 3]",0,1,2,0.3838040232658386,0
RJL46s,"[2, 3, 1, 4]","[2, 4, 1, 3]",12,13,2,0.08987182378768921,0
AOSTo7,"[1, 2, 3, 4]","[1, 4, 2, 3]",0,3,3,0.19660282135009766,0
buDnsA,"[1, 2, 3, 4]","[2, 3, 4, 1]",0,18,16,0.4231081008911133,0
i4UDum,"[3, 4, 2, 1]","[4, 3, 2, 1]",22,23,2,4.430568695068359,0
tAZ37W,"[4, 3, 1, 2]","[4, 3, 2, 1]",17,23,7,0.12587106227874756,0
SnsyTZ,"[4, 2, 1, 3]","[3, 2, 1, 4]",15,14,3,0.1454024314880371,0
IMm4uG,"[3, 1, 2, 4]","[2, 3, 4, 1]",8,18,21,0.10790503025054932,0
V2DAyQ,"[4, 1, 3, 2]","[3, 4, 1, 2]",11,16,15,0.20369672775268555,0
Z7jAbZ,"[3, 4, 2, 1]","[3, 4, 1, 2]",22,16,2,0.35148924589157104,0
V8D6kA,"[3, 4, 2, 1]","[4, 3, 2, 1]",22,23,2,0.08914530277252197,0
RHkal3,"[1, 2, 3, 4]","[3, 1, 4, 2]",0,10,12,0.05451095104217529,0
g6Vd8F,"[1, 2, 4, 3]","[2, 1, 3, 4]",1,6,8,0.22822630405426025,0
oU0jgk,"[1, 2, 3, 4]","[4, 1, 3, 2]",0,11,16,0.12107765674591064,0
tmpbP1,"[2, 3, 1, 4]","[3, 2, 1, 4]",12,14,5,0.016853392124176025,0
w7Dkob,"[2, 1, 4, 3]","[3, 1, 4, 2]",7,10,2,0.05155813694000244,0
NtApRf,"[3, 2, 1, 4]","[4, 3, 1, 2]",14,17,11,0.04834794998168945,0
ucsjPe,"[1, 3, 2, 4]","[2, 3, 1, 4]",2,12,2,0.29686522483825684,0
eOM9HO,"[1, 4, 3, 2]","[1, 4, 2, 3]",5,3,2,0.44696152210235596,0
g3VR2c,"[2, 1, 4, 3]","[4, 3, 2, 1]",7,23,22,0.3316984176635742,0
Hi2EJw,"[1, 3, 2, 4]","[2, 4, 3, 1]",2,19,14,0.20879638195037842,0
DbDmFE,"[4, 1, 2, 3]","[4, 3, 1, 2]",9,17,9,0.5290179252624512,0
rTU0Ec,"[3, 1, 4, 2]","[1, 4, 2, 3]",10,3,19,0.22086215019226074,0
x4424z,"[1, 3, 2, 4]","[1, 4, 2, 3]",2,3,2,0.09604531526565552,0
Ao8dqI,"[2, 1, 4, 3]","[1, 4, 3, 2]",7,5,4,0.016674160957336426,0
HWxd8O,"[3, 1, 4, 2]","[3, 1, 2, 4]",10,8,6,0.13451159000396729,0
mHJdXV,"[1, 2, 3, 4]","[1, 3, 2, 4]",0,2,2,0.36664652824401855,0
eWBQ0I,"[2, 4, 3, 1]","[1, 3, 4, 2]",19,4,5,0.34067070484161377,0
5rO4hC,"[4, 1, 3, 2]","[3, 1, 4, 2]",11,10,2,3.160632848739624,0
WLjucZ,"[4, 3, 2, 1]","[4, 2, 3, 1]",23,21,2,0.1442825198173523,0
kADbwa,"[3, 4, 1, 2]","[2, 4, 1, 3]",16,13,2,0.2338557243347168,0
Ud46T2,"[4, 2, 1, 3]","[2, 3, 1, 4]",15,12,3,0.006682097911834717,0
sqt6eT,"[1, 4, 3, 2]","[2, 1, 4, 3]",5,7,10,0.4430732727050781,0
orbwgE,"[4, 2, 1, 3]","[2, 1, 4, 3]",15,7,16,0.4438244700431824,0
CZxxRd,"[1, 3, 4, 2]","[3, 4, 1, 2]",4,16,13,0.07883191108703613,0
hekFF2,"[3, 1, 4, 2]","[2, 1, 3, 4]",10,6,10,0.456409752368927,0
TiMHj9,"[4, 1, 2, 3]","[3, 1, 4, 2]",9,10,7,0.16091805696487427,0
tTf2BQ,"[1, 3, 2, 4]","[1, 4, 2, 3]",2,3,2,4.706369876861572,0
xdEipQ,"[3, 1, 4, 2]","[2, 1, 4, 3]",10,7,2,1.1639026403427124,0
nA5vob,"[4, 3, 1, 2]","[4, 3, 2, 1]",17,23,3,0.07840520143508911,0
ll1uuH,"[3, 2, 1, 4]","[3, 4, 1, 2]",14,16,9,0.39884305000305176,0
8rcss8,"[1, 3, 4, 2]","[3, 2, 1, 4]",4,14,22,0.07193946838378906,0
joUPSr,"[1, 2, 3, 4]","[1, 3, 2, 4]",0,2,3,0.017184019088745117,0
SVsCDd,"[3, 2, 4, 1]","[4, 2, 3, 1]",20,21,2,0.28164470195770264,0
MQVdMI,"[1, 3, 4, 2]","[2, 4, 1, 3]",4,13,16,0.20471882820129395,0
uUVby9,"[3, 1, 4, 2]","[3, 4, 1, 2]",10,16,10,0.15168261528015137,0
Rs2WJg,"[1, 2, 3, 4]","[1, 2, 4, 3]",0,1,6,1.1675094366073608,0
dOtQzx,"[4, 1, 2, 3]","[2, 1, 3, 4]",9,6,3,0.049260497093200684,0
uOZDLK,"[1, 2, 4, 3]","[4, 3, 2, 1]",1,23,22,0.6752974390983582,0
ZUoFJw,"[1, 2, 3, 4]","[1, 3, 4, 2]",0,4,6,0.22618025541305542,0
LrVzSg,"[2, 4, 1, 3]","[2, 4, 3, 1]",13,19,20,0.024965882301330566,0
BCqwq5,"[2, 4, 3, 1]","[3, 4, 1, 2]",19,16,3,0.1198582649230957,0
exDbPb,"[2, 3, 1, 4]","[1, 3, 2, 4]",12,2,3,0.0938226580619812,0
Q3y4BY,"[2, 4, 1, 3]","[1, 4, 2, 3]",13,3,3,0.11854898929595947,0
ECpQNv,"[2, 3, 4, 1]","[2, 4, 3, 1]",18,19,4,0.004259824752807617,0
mmT0Nf,"[4, 3, 2, 1]","[4, 3, 1, 2]",23,17,2,0.03809773921966553,0
DzwcNm,"[3, 1, 2, 4]","[2, 4, 1, 3]",8,13,12,0.6224550604820251,0
mBGNrr,"[1, 2, 3, 4]","[1, 4, 2, 3]",0,3,12,0.03725934028625488,0
qbHfRi,"[3, 4, 2, 1]","[4, 3, 2, 1]",22,23,5,0.05911445617675781,0
xza4fj,"[3, 1, 4, 2]","[2, 1, 4, 3]",10,7,2,0.8208504319190979,0
Nw8VEG,"[3, 1, 4, 2]","[1, 2, 4, 3]",10,1,3,0.07225215435028076,0
eis0Ej,"[1, 2, 3, 4]","[1, 2, 4, 3]",0,1,4,0.5055007934570312,0
cb0bOp,"[1, 2, 3, 4]","[2, 1, 4, 3]",0,7,4,1.3206243515014648,0
d5Rk0l,"[1, 4, 2, 3]","[1, 3, 2, 4]",3,2,7,0.5511137247085571,0
S3txTT,"[2, 4, 1, 3]","[1, 4, 2, 3]",13,3,4,0.0040035247802734375,0
DNYfO3,"[1, 4, 2, 3]","[2, 4, 3, 1]",3,19,6,0.17336535453796387,0
prkQpr,"[3, 1, 4, 2]","[4, 1, 3, 2]",10,11,5,1.2324323654174805,0
N58lpS,"[3, 1, 4, 2]","[4, 1, 3, 2]",10,11,3,0.1879119873046875,0
cbobN9,"[3, 4, 1, 2]","[2, 3, 4, 1]",16,18,12,0.30064499378204346,0
5PtYtq,"[4, 2, 1, 3]","[1, 3, 4, 2]",15,4,19,0.18640893697738647,0
zVNjmq,"[1, 2, 3, 4]","[2, 1, 3, 4]",0,6,2,0.6988388299942017,0
2UaWZ5,"[2, 4, 1, 3]","[4, 3, 1, 2]",13,17,6,0.5342159271240234,0
sMTzeh,"[1, 3, 2, 4]","[2, 3, 4, 1]",2,18,20,0.1262376308441162,0
alL8JU,"[3, 4, 2, 1]","[3, 4, 1, 2]",22,16,3,0.21925389766693115,0
aVg5Ue,"[1, 4, 3, 2]","[3, 4, 1, 2]",5,16,7,0.437128484249115,0
yE7o8w,"[4, 2, 3, 1]","[3, 2, 4, 1]",21,20,7,0.13316023349761963,0
8cbtrl,"[4, 2, 1, 3]","[4, 3, 1, 2]",15,17,2,0.5095481872558594,0
PD86WH,"[3, 1, 4, 2]","[4, 1, 3, 2]",10,11,7,0.2195519208908081,0
6YQhkx,"[1, 2, 3, 4]","[3, 2, 1, 4]",0,14,16,0.13303613662719727,0
aXfsGc,"[2, 1, 3, 4]","[2, 4, 3, 1]",6,19,21,0.0001220703125,0
3S0ask,"[1, 4, 3, 2]","[1, 3, 2, 4]",5,2,6,0.4853537082672119,0
0a2qhQ,"[4, 1, 3, 2]","[1, 4, 3, 2]",11,5,3,0.3268064260482788,0
UEm42r,"[4, 2, 3, 1]","[4, 1, 3, 2]",21,11,4,0.0584869384765625,0
CJGorR,"[2, 1, 3, 4]","[1, 2, 3, 4]",6,0,2,0.23588323593139648,0
SVYRWc,"[4, 2, 1, 3]","[3, 2, 1, 4]",15,14,2,0.020430564880371094,0
vi5LNJ,"[2, 1, 4, 3]","[4, 1, 3, 2]",7,11,6,0.1308058500289917,0
3K0mAT,"[3, 1, 2, 4]","[4, 1, 2, 3]",8,9,2,0.011692047119140625,0
ZloyE8,"[3, 2, 1, 4]","[4, 3, 1, 2]",14,17,4,0.21385949850082397,0
DSt3Y0,"[4, 2, 1, 3]","[1, 3, 4, 2]",15,4,20,0.019186675548553467,0
VN9gpX,"[2, 4, 1, 3]","[1, 2, 4, 3]",13,1,14,0.1203908920288086,0
yRN4dJ,"[1, 4, 2, 3]","[1, 3, 4, 2]",3,4,4,0.27435803413391113,0
scSbeH,"[3, 2, 1, 4]","[2, 3, 1, 4]",14,12,2,0.11959314346313477,0
MsSbSv,"[1, 2, 4, 3]","[1, 3, 4, 2]",1,4,2,0.3652760982513428,0
6OSgp7,"[4, 1, 2, 3]","[3, 1, 2, 4]",9,8,3,3.8276357650756836,0
wMkgjs,"[2, 4, 3, 1]","[3, 2, 4, 1]",19,20,6,0.1364516019821167,0
NM7pjC,"[3, 2, 4, 1]","[3, 2, 1, 4]",20,14,15,0.34204286336898804,0
1kjJ2A,"[4, 1, 3, 2]","[3, 1, 4, 2]",11,10,2,0.03132772445678711,0
tQ61xz,"[3, 4, 1, 2]","[3, 4, 2, 1]",16,22,3,0.4037185311317444,0
P8UW7N,"[1, 2, 3, 4]","[1, 3, 2, 4]",0,2,3,0.42354369163513184,0
FsEtIX,"[1, 4, 3, 2]","[3, 4, 1, 2]",5,16,2,2.2940595149993896,0
T6IUyi,"[2, 4, 1, 3]","[4, 3, 2, 1]",13,23,12,0.49357718229293823,0
dbNXih,"[4, 3, 2, 1]","[4, 1, 2, 3]",23,9,9,0.29539942741394043,0
MaThOS,"[4, 2, 1, 3]","[4, 2, 3, 1]",15,21,4,1.6514813899993896,0
36AvXz,"[1, 2, 3, 4]","[1, 2, 4, 3]",0,1,2,1.4345133304595947,0
5J0Ym2,"[1, 2, 3, 4]","[4, 1, 3, 2]",0,11,22,0.3365294933319092,0
X92UPH,"[1, 2, 4, 3]","[2, 1, 4, 3]",1,7,3,0.15978580713272095,0
oXNX2B,"[4, 1, 2, 3]","[2, 3, 1, 4]",9,12,9,0.08458966016769409,0
DOPIuX,"[1, 2, 3, 4]","[3, 2, 4, 1]",0,20,12,0.19241559505462646,0
Ir1HP3,"[1, 2, 3, 4]","[3, 2, 1, 4]",0,14,19,0.1969672441482544,0
fOrXoR,"[1, 4, 3, 2]","[1, 3, 4, 2]",5,4,3,0.5177072286605835,0
u8GCCt,"[3, 2, 4, 1]","[2, 3, 4, 1]",20,18,2,0.3972526490688324,0
neBWpF,"[3, 2, 4, 1]","[4, 3, 2, 1]",20,23,5,0.5037758946418762,0
haDioi,"[4, 1, 2, 3]","[3, 1, 2, 4]",9,8,3,0.04288923740386963,0
7yXxPR,"[2, 3, 4, 1]","[1, 4, 3, 2]",18,5,4,0.16159439086914062,0
NAUJRV,"[1, 2, 3, 4]","[1, 4, 2, 3]",0,3,5,0.46755295991897583,0
rlYgnC,"[1, 3, 4, 2]","[1, 2, 4, 3]",4,1,3,0.32800453901290894,0
NSUQaW,"[4, 2, 1, 3]","[3, 1, 2, 4]",15,8,5,0.24592632055282593,0
WxQqBQ,"[2, 1, 3, 4]","[1, 4, 3, 2]",6,5,21,0.35198676586151123,0
j0PHLu,"[1, 2, 3, 4]","[3, 2, 1, 4]",0,14,8,0.17924106121063232,0
yOKW0B,"[2, 4, 1, 3]","[3, 4, 1, 2]",13,16,3,0.06938529014587402,0
wxcZsB,"[4, 3, 2, 1]","[2, 4, 3, 1]",23,19,7,0.1873466968536377,0
tbDbZ0,"[3, 4, 1, 2]","[1, 2, 4, 3]",16,1,20,0.015704631805419922,0
OHbgOF,"[1, 2, 3, 4]","[1, 3, 2, 4]",0,2,2,0.03026127815246582,0
huyHmW,"[3, 1, 4, 2]","[3, 2, 4, 1]",10,20,7,0.5020449757575989,0
ZD2KPz,"[3, 2, 4, 1]","[3, 4, 2, 1]",20,22,11,0.14264631271362305,0
ksn3Ku,"[4, 2, 3, 1]","[3, 1, 4, 2]",21,10,4,0.35624444484710693,0
70LkHQ,"[3, 2, 4, 1]","[4, 1, 3, 2]",20,11,8,0.4362642467021942,0
7epLYQ,"[2, 1, 4, 3]","[2, 4, 1, 3]",7,13,18,0.07442307472229004,0
t9Cobs,"[1, 2, 3, 4]","[1, 3, 4, 2]",0,4,5,0.13134783506393433,0
cooPZd,"[4, 1, 2, 3]","[2, 1, 3, 4]",9,6,3,0.4636615514755249,0
8ugvaE,"[3, 4, 1, 2]","[3, 4, 2, 1]",16,22,2,1.5766220092773438,0
6SKVny,"[1, 2, 3, 4]","[4, 2, 1, 3]",0,15,12,0.6294607520103455,0
1Vf7fV,"[4, 1, 3, 2]","[4, 1, 2, 3]",11,9,2,0.08358108997344971,0
1ORs7E,"[2, 1, 3, 4]","[4, 1, 2, 3]",6,9,6,0.005202651023864746,0
8IRvan,"[3, 4, 1, 2]","[1, 4, 2, 3]",16,3,7,0.34461337327957153,0
4bECig,"[1, 4, 3, 2]","[2, 1, 3, 4]",5,6,20,0.2713422179222107,0
XP46mS,"[1, 2, 3, 4]","[2, 1, 3, 4]",0,6,3,2.2629525661468506,0
tNBZmC,"[3, 4, 2, 1]","[2, 3, 1, 4]",22,12,8,0.3255101442337036,0
Vmgm1t,"[3, 1, 4, 2]","[1, 2, 4, 3]",10,1,6,0.018460631370544434,0
KmWqF9,"[3, 2, 4, 1]","[4, 2, 3, 1]",20,21,3,0.47516101598739624,0
xJGKJG,"[2, 4, 3, 1]","[3, 4, 2, 1]",19,22,3,0.5914545655250549,0
XDQsZg,"[4, 3, 1, 2]","[4, 3, 2, 1]",17,23,3,0.4370766282081604,0
WdbbK6,"[4, 2, 3, 1]","[1, 2, 4, 3]",21,1,12,0.34824681282043457,0
EZtlW7,"[1, 2, 3, 4]","[4, 1, 2, 3]",0,9,10,0.141975998878479,0
2RlbGF,"[2, 1, 4, 3]","[2, 1, 3, 4]",7,6,3,0.6458573341369629,0
GVjGuN,"[3, 1, 2, 4]","[4, 3, 1, 2]",8,17,12,0.5049343705177307,0
ORsCnP,"[2, 1, 3, 4]","[1, 2, 3, 4]",6,0,2,0.5243707895278931,0
R4BFN6,"[1, 4, 3, 2]","[1, 2, 3, 4]",5,0,6,0.33799004554748535,0
cwS5Sw,"[4, 2, 3, 1]","[3, 4, 2, 1]",21,22,4,0.030226945877075195,0
0cjzNP,"[3, 1, 4, 2]","[2, 1, 3, 4]",10,6,15,0.09565305709838867,0
A2fPL4,"[1, 4, 3, 2]","[2, 4, 3, 1]",5,19,2,0.3457719683647156,0
KYfazD,"[1, 2, 3, 4]","[3, 4, 1, 2]",0,16,22,0.3387014865875244,0
VyjH6F,"[2, 4, 3, 1]","[1, 4, 3, 2]",19,5,3,0.157312273979187,0
uk8wlD,"[1, 3, 2, 4]","[1, 4, 2, 3]",2,3,5,0.32706356048583984,0
MGTsjP,"[4, 2, 1, 3]","[1, 2, 3, 4]",15,0,10,0.4172396659851074,0
WSD3bY,"[1, 4, 2, 3]","[1, 3, 4, 2]",3,4,10,0.6758936643600464,0
fZGxsq,"[4, 1, 2, 3]","[1, 4, 2, 3]",9,3,19,0.01986384391784668,0
msQGIk,"[3, 1, 2, 4]","[2, 1, 3, 4]",8,6,2,0.15425258874893188,0
W0ZhB7,"[4, 2, 3, 1]","[4, 1, 2, 3]",21,9,6,0.011139988899230957,0
UaorwO,"[1, 4, 3, 2]","[3, 4, 2, 1]",5,22,4,0.0036922693252563477,0
z4Birz,"[2, 3, 4, 1]","[3, 2, 4, 1]",18,20,2,0.0590815544128418,0
YN8yZG,"[4, 2, 1, 3]","[1, 4, 2, 3]",15,3,16,0.6013554334640503,0
ZaK9zt,"[1, 2, 3, 4]","[2, 3, 1, 4]",0,12,4,0.7510033249855042,0
06OVTe,"[3, 2, 4, 1]","[3, 4, 1, 2]",20,16,14,0.10800576210021973,0
DrOCVt,"[1, 2, 3, 4]","[1, 2, 4, 3]",0,1,3,0.9993667006492615,0
I496gM,"[1, 4, 2, 3]","[2, 4, 1, 3]",3,13,2,1.9311116933822632,0
HZct5H,"[4, 3, 1, 2]","[3, 2, 1, 4]",17,14,2,0.14596104621887207,0
VqWWfk,"[4, 2, 1, 3]","[1, 3, 2, 4]",15,2,12,0.3598112463951111,0
fjITzw,"[4, 3, 1, 2]","[4, 3, 2, 1]",17,23,4,0.1988818645477295,0
Fxheme,"[2, 4, 1, 3]","[4, 2, 1, 3]",13,15,7,0.0050217509269714355,0
Be6Hn5,"[4, 2, 3, 1]","[4, 3, 1, 2]",21,17,4,1.2501254081726074,0
eUyvlO,"[4, 2, 3, 1]","[4, 3, 2, 1]",21,23,2,0.8638525009155273,0
AZybbY,"[3, 1, 4, 2]","[3, 2, 4, 1]",10,20,6,0.39869964122772217,0
Pdw0tM,"[2, 4, 1, 3]","[4, 2, 1, 3]",13,15,6,3.3845436573028564,0
jOilDx,"[1, 3, 2, 4]","[4, 3, 2, 1]",2,23,14,0.13916194438934326,0
mLBOsm,"[2, 1, 3, 4]","[3, 2, 1, 4]",6,14,6,0.28175872564315796,0
oMINQU,"[1, 2, 3, 4]","[3, 2, 1, 4]",0,14,2,1.6573833227157593,0
JyvkTj,"[1, 2, 3, 4]","[4, 1, 2, 3]",0,9,21,0.7025643587112427,0
3AdZl0,"[1, 2, 4, 3]","[3, 2, 4, 1]",1,20,4,1.0992974042892456,0
qF0f9h,"[4, 1, 3, 2]","[4, 3, 1, 2]",11,17,7,0.0031398534774780273,0
sESneQ,"[4, 2, 1, 3]","[4, 3, 2, 1]",15,23,4,0.055138587951660156,0
Igg28q,"[3, 1, 2, 4]","[1, 4, 3, 2]",8,5,21,0.17942345142364502,0
td3GiG,"[3, 4, 1, 2]","[4, 3, 1, 2]",16,17,2,0.364446759223938,0
hLtGMV,"[1, 2, 3, 4]","[1, 3, 2, 4]",0,2,2,0.38708066940307617,0
CkIPwh,"[1, 2, 3, 4]","[2, 4, 3, 1]",0,19,13,0.21705663204193115,0
y7xta4,"[2, 3, 4, 1]","[3, 4, 2, 1]",18,22,13,0.05599963665008545,0
FhQJ7X,"[4, 3, 2, 1]","[4, 2, 1, 3]",23,15,10,0.17543888092041016,0
pMxntR,"[1, 3, 4, 2]","[1, 2, 4, 3]",4,1,2,1.5009405612945557,0
oxEMnj,"[3, 4, 1, 2]","[1, 3, 4, 2]",16,4,15,0.0414501428604126,0
6PDdPL,"[2, 1, 4, 3]","[3, 1, 2, 4]",7,8,6,0.09174919128417969,0
ojQTn2,"[1, 2, 4, 3]","[1, 3, 4, 2]",1,4,2,0.4000999331474304,0
n3jB2L,"[4, 3, 2, 1]","[3, 4, 2, 1]",23,22,3,3.391111373901367,0
UprzoV,"[2, 1, 4, 3]","[1, 4, 2, 3]",7,3,3,0.06678998470306396,0
qf6G8s,"[3, 4, 1, 2]","[4, 1, 2, 3]",16,9,11,0.489645779132843,0
6EAd7C,"[1, 4, 2, 3]","[1, 4, 3, 2]",3,5,4,0.06850540637969971,0
sYXT7H,"[4, 3, 1, 2]","[4, 1, 2, 3]",17,9,4,0.12451171875,0
9p94aN,"[1, 2, 3, 4]","[1, 2, 4, 3]",0,1,2,0.2149217128753662,0
4tiizU,"[2, 1, 3, 4]","[4, 1, 2, 3]",6,9,6,0.4685978889465332,0
7nvDz5,"[1, 2, 4, 3]","[4, 3, 1, 2]",1,17,23,0.08718782663345337,0
0gPYJn,"[2, 4, 1, 3]","[3, 1, 4, 2]",13,10,9,0.06715512275695801,0
UmAUMF,"[3, 1, 2, 4]","[3, 1, 4, 2]",8,10,18,0.10025012493133545,0
tcEP33,"[1, 4, 3, 2]","[2, 4, 1, 3]",5,13,5,0.982978105545044,0
BWVyfP,"[4, 1, 2, 3]","[2, 3, 1, 4]",9,12,16,0.43022453784942627,0
0hjs8V,"[4, 1, 2, 3]","[1, 4, 2, 3]",9,3,23,0.10299944877624512,0
hlA7lD,"[4, 2, 1, 3]","[4, 1, 2, 3]",15,9,2,0.08015328645706177,0
9SGaFK,"[3, 1, 4, 2]","[4, 1, 3, 2]",10,11,3,0.12926793098449707,0
oZtPMs,"[1, 2, 4, 3]","[1, 2, 3, 4]",1,0,2,0.2619546055793762,0
ViZ3p0,"[1, 3, 4, 2]","[2, 3, 4, 1]",4,18,3,0.0971868634223938,0
CkaKIv,"[4, 2, 3, 1]","[3, 2, 4, 1]",21,20,3,1.0028022527694702,0
JCHger,"[2, 1, 3, 4]","[2, 4, 1, 3]",6,13,9,0.31845200061798096,0
A2VwU4,"[4, 2, 1, 3]","[1, 2, 4, 3]",15,1,19,0.06156015396118164,0
M2srvs,"[2, 1, 4, 3]","[2, 4, 3, 1]",7,19,6,0.053598642349243164,0
nStmb7,"[1, 2, 3, 4]","[2, 1, 3, 4]",0,6,2,3.1447763442993164,0
NE1LTt,"[4, 3, 2, 1]","[2, 4, 1, 3]",23,13,10,0.22821974754333496,0
PSMCNc,"[3, 4, 1, 2]","[2, 3, 1, 4]",16,12,9,0.10401308536529541,0
t0cBM9,"[4, 1, 2, 3]","[3, 1, 4, 2]",9,10,4,0.058022499084472656,0
n0RFjf,"[4, 2, 1, 3]","[2, 4, 3, 1]",15,19,17,0.4419659376144409,0
1xEy0n,"[1, 4, 2, 3]","[2, 3, 1, 4]",3,12,10,0.07006490230560303,0
SV3mms,"[3, 4, 2, 1]","[4, 1, 2, 3]",22,9,23,0.02775019407272339,0
64TdFu,"[3, 2, 1, 4]","[3, 1, 4, 2]",14,10,15,0.08144140243530273,0
2ZgRju,"[2, 3, 1, 4]","[1, 2, 3, 4]",12,0,4,0.06496238708496094,0
vOcyx8,"[2, 1, 3, 4]","[1, 2, 3, 4]",6,0,2,6.89157247543335,0
NVxpmS,"[4, 1, 2, 3]","[4, 2, 1, 3]",9,15,2,0.9258416891098022,0
DY9yJz,"[1, 2, 3, 4]","[3, 1, 2, 4]",0,8,5,0.9926550388336182,0
xjaGSm,"[2, 4, 3, 1]","[3, 4, 2, 1]",19,22,2,0.10105282068252563,0
JB33Fu,"[3, 1, 2, 4]","[4, 1, 2, 3]",8,9,3,1.7599587440490723,0
Chyuzy,"[2, 3, 1, 4]","[2, 1, 3, 4]",12,6,8,0.1472378373146057,0
3mrISn,"[2, 4, 3, 1]","[3, 4, 2, 1]",19,22,2,1.8344182968139648,0
jgDoHV,"[2, 3, 1, 4]","[1, 2, 3, 4]",12,0,5,0.0030815601348876953,0
PKpjwj,"[3, 1, 4, 2]","[1, 2, 4, 3]",10,1,5,0.14235186576843262,0
YtLfWG,"[4, 3, 2, 1]","[3, 1, 2, 4]",23,8,17,0.23544776439666748,0
W9Zqnf,"[3, 1, 4, 2]","[4, 2, 1, 3]",10,15,13,0.17911309003829956,0
9L6qGd,"[1, 4, 3, 2]","[1, 3, 4, 2]",5,4,5,0.14532387256622314,0
RZ2wEg,"[1, 2, 3, 4]","[1, 4, 2, 3]",0,3,11,0.22514742612838745,0
TUc60B,"[4, 1, 3, 2]","[3, 4, 1, 2]",11,16,13,0.14667290449142456,0
FnHp92,"[3, 2, 1, 4]","[4, 2, 1, 3]",14,15,8,0.0023926496505737305,0
JDrc7D,"[1, 2, 4, 3]","[1, 2, 3, 4]",1,0,4,1.3721637725830078,0
KKHmYi,"[1, 4, 2, 3]","[1, 4, 3, 2]",3,5,3,0.19982194900512695,0
nmvfLa,"[3, 1, 4, 2]","[1, 2, 4, 3]",10,1,9,0.38625872135162354,0
LakzaQ,"[1, 2, 4, 3]","[2, 1, 3, 4]",1,6,9,0.12782251834869385,0
H3QnhY,"[4, 3, 2, 1]","[4, 3, 1, 2]",23,17,2,0.1749628782272339,0
6oL9xY,"[4, 1, 3, 2]","[3, 1, 4, 2]",11,10,2,0.33664119243621826,0
QVVa92,"[2, 3, 4, 1]","[1, 2, 4, 3]",18,1,5,0.607157826423645,0
NhAYgr,"[2, 3, 1, 4]","[4, 1, 3, 2]",12,11,24,0.07058131694793701,0
QL9B88,"[4, 2, 1, 3]","[1, 4, 3, 2]",15,5,12,0.08957815170288086,0
AtoDOL,"[1, 2, 4, 3]","[1, 4, 3, 2]",1,5,7,0.018546342849731445,0
vJSxlf,"[4, 3, 1, 2]","[1, 4, 3, 2]",17,5,15,0.26292967796325684,0
iOSeEu,"[2, 4, 3, 1]","[1, 4, 3, 2]",19,5,2,0.24594080448150635,0
8xAdjC,"[3, 4, 2, 1]","[1, 2, 4, 3]",22,1,20,0.6837544441223145,0
4EjpZZ,"[2, 4, 1, 3]","[2, 4, 3, 1]",13,19,6,0.012656986713409424,0
sUKAUv,"[3, 2, 1, 4]","[2, 3, 1, 4]",14,12,2,0.500019371509552,0
pZcQcf,"[2, 1, 4, 3]","[1, 3, 4, 2]",7,4,9,0.001892685890197754,0
LBD1U6,"[2, 3, 1, 4]","[1, 3, 2, 4]",12,2,2,0.6045262813568115,0
c81dyw,"[3, 2, 1, 4]","[3, 2, 4, 1]",14,20,13,0.00853121280670166,0
yv1DRG,"[2, 3, 1, 4]","[3, 4, 1, 2]",12,16,22,0.1322251558303833,0
yGAcJQ,"[1, 2, 3, 4]","[4, 2, 3, 1]",0,21,18,0.14350777864456177,0
VnjNo3,"[2, 1, 4, 3]","[2, 1, 3, 4]",7,6,2,0.4564889669418335,0
Ul1oLF,"[4, 1, 3, 2]","[4, 3, 1, 2]",11,17,7,0.17757892608642578,0
qlprU2,"[1, 2, 3, 4]","[2, 1, 4, 3]",0,7,6,0.7745605707168579,0
jHiBK9,"[4, 1, 3, 2]","[3, 4, 2, 1]",11,22,21,0.17657768726348877,0
XJuZ7E,"[3, 1, 4, 2]","[4, 1, 3, 2]",10,11,2,0.24509578943252563,0
Q6uSl4,"[4, 2, 3, 1]","[4, 3, 2, 1]",21,23,2,0.2016003131866455,0
XIxDtu,"[3, 1, 4, 2]","[3, 4, 2, 1]",10,22,7,0.03280174732208252,0
kr0LdM,"[2, 4, 3, 1]","[3, 2, 4, 1]",19,20,8,0.2980920076370239,0
